{"errors":[],"warnings":[],"namedChunkGroups":{"app":{"chunks":[2,14],"assets":["webpack-runtime-43997e308b5770ccfbc7.js","webpack-runtime-43997e308b5770ccfbc7.js.map","app-9d0f8ff9221d47823916.js","app-9d0f8ff9221d47823916.js.map"],"children":{},"childAssets":{}},"component---src-templates-blog-post-js":{"chunks":[0,13],"assets":["0.0188350bd0beb3115f4b.css","0-519a790e05df737a11b7.js","0.0188350bd0beb3115f4b.css.map","0-519a790e05df737a11b7.js.map","component---src-templates-blog-post-js.201f66987439ce47916c.css","component---src-templates-blog-post-js-ec6f66e6d3fbb39e7c93.js","component---src-templates-blog-post-js.201f66987439ce47916c.css.map","component---src-templates-blog-post-js-ec6f66e6d3fbb39e7c93.js.map"],"children":{},"childAssets":{}},"component---src-pages-404-js":{"chunks":[0,12],"assets":["0.0188350bd0beb3115f4b.css","0-519a790e05df737a11b7.js","0.0188350bd0beb3115f4b.css.map","0-519a790e05df737a11b7.js.map","component---src-pages-404-js.201f66987439ce47916c.css","component---src-pages-404-js-842b27311434ccc37304.js","component---src-pages-404-js.201f66987439ce47916c.css.map","component---src-pages-404-js-842b27311434ccc37304.js.map"],"children":{},"childAssets":{}},"component---src-pages-all-files-js":{"chunks":[0,11],"assets":["0.0188350bd0beb3115f4b.css","0-519a790e05df737a11b7.js","0.0188350bd0beb3115f4b.css.map","0-519a790e05df737a11b7.js.map","component---src-pages-all-files-js.201f66987439ce47916c.css","component---src-pages-all-files-js-97b3b022e59bc9bae640.js","component---src-pages-all-files-js.201f66987439ce47916c.css.map","component---src-pages-all-files-js-97b3b022e59bc9bae640.js.map"],"children":{},"childAssets":{}},"component---src-pages-blog-js":{"chunks":[0,10],"assets":["0.0188350bd0beb3115f4b.css","0-519a790e05df737a11b7.js","0.0188350bd0beb3115f4b.css.map","0-519a790e05df737a11b7.js.map","component---src-pages-blog-js.201f66987439ce47916c.css","component---src-pages-blog-js-63deccf65896f39f8011.js","component---src-pages-blog-js.201f66987439ce47916c.css.map","component---src-pages-blog-js-63deccf65896f39f8011.js.map"],"children":{},"childAssets":{}},"component---src-pages-contributedrepos-js":{"chunks":[0,1,9],"assets":["0.0188350bd0beb3115f4b.css","0-519a790e05df737a11b7.js","0.0188350bd0beb3115f4b.css.map","0-519a790e05df737a11b7.js.map","1-1b5b56f450f03e92f1e2.js","1-1b5b56f450f03e92f1e2.js.map","component---src-pages-contributedrepos-js.201f66987439ce47916c.css","component---src-pages-contributedrepos-js-05fa4770cab4f55aebf2.js","component---src-pages-contributedrepos-js.201f66987439ce47916c.css.map","component---src-pages-contributedrepos-js-05fa4770cab4f55aebf2.js.map"],"children":{},"childAssets":{}},"component---src-pages-githubrepos-js":{"chunks":[0,1,8],"assets":["0.0188350bd0beb3115f4b.css","0-519a790e05df737a11b7.js","0.0188350bd0beb3115f4b.css.map","0-519a790e05df737a11b7.js.map","1-1b5b56f450f03e92f1e2.js","1-1b5b56f450f03e92f1e2.js.map","component---src-pages-githubrepos-js.201f66987439ce47916c.css","component---src-pages-githubrepos-js-76dd09925bb3e5032b1d.js","component---src-pages-githubrepos-js.201f66987439ce47916c.css.map","component---src-pages-githubrepos-js-76dd09925bb3e5032b1d.js.map"],"children":{},"childAssets":{}},"component---src-pages-index-js":{"chunks":[0,7],"assets":["0.0188350bd0beb3115f4b.css","0-519a790e05df737a11b7.js","0.0188350bd0beb3115f4b.css.map","0-519a790e05df737a11b7.js.map","component---src-pages-index-js.201f66987439ce47916c.css","component---src-pages-index-js-a70e942e0550e47b96cf.js","component---src-pages-index-js.201f66987439ce47916c.css.map","component---src-pages-index-js-a70e942e0550e47b96cf.js.map"],"children":{},"childAssets":{}},"component---src-pages-page-2-js":{"chunks":[0,6],"assets":["0.0188350bd0beb3115f4b.css","0-519a790e05df737a11b7.js","0.0188350bd0beb3115f4b.css.map","0-519a790e05df737a11b7.js.map","component---src-pages-page-2-js.201f66987439ce47916c.css","component---src-pages-page-2-js-6a66f30926693ba10f6d.js","component---src-pages-page-2-js.201f66987439ce47916c.css.map","component---src-pages-page-2-js-6a66f30926693ba10f6d.js.map"],"children":{},"childAssets":{}},"component---src-pages-project-preview-js":{"chunks":[5],"assets":["component---src-pages-project-preview-js-9f24b840e6a3e1dd6ec0.js","component---src-pages-project-preview-js-9f24b840e6a3e1dd6ec0.js.map"],"children":{},"childAssets":{}},"component---src-pages-projects-js":{"chunks":[0,4],"assets":["0.0188350bd0beb3115f4b.css","0-519a790e05df737a11b7.js","0.0188350bd0beb3115f4b.css.map","0-519a790e05df737a11b7.js.map","component---src-pages-projects-js.201f66987439ce47916c.css","component---src-pages-projects-js-64ccf32d3a7f4612b17b.js","component---src-pages-projects-js.201f66987439ce47916c.css.map","component---src-pages-projects-js-64ccf32d3a7f4612b17b.js.map"],"children":{},"childAssets":{}}},"assetsByChunkName":{"app":["webpack-runtime-43997e308b5770ccfbc7.js","app-9d0f8ff9221d47823916.js"],"component---src-templates-blog-post-js":["0.0188350bd0beb3115f4b.css","0-519a790e05df737a11b7.js","component---src-templates-blog-post-js.201f66987439ce47916c.css","component---src-templates-blog-post-js-ec6f66e6d3fbb39e7c93.js"],"component---src-pages-404-js":["0.0188350bd0beb3115f4b.css","0-519a790e05df737a11b7.js","component---src-pages-404-js.201f66987439ce47916c.css","component---src-pages-404-js-842b27311434ccc37304.js"],"component---src-pages-all-files-js":["0.0188350bd0beb3115f4b.css","0-519a790e05df737a11b7.js","component---src-pages-all-files-js.201f66987439ce47916c.css","component---src-pages-all-files-js-97b3b022e59bc9bae640.js"],"component---src-pages-blog-js":["0.0188350bd0beb3115f4b.css","0-519a790e05df737a11b7.js","component---src-pages-blog-js.201f66987439ce47916c.css","component---src-pages-blog-js-63deccf65896f39f8011.js"],"component---src-pages-contributedrepos-js":["0.0188350bd0beb3115f4b.css","0-519a790e05df737a11b7.js","1-1b5b56f450f03e92f1e2.js","component---src-pages-contributedrepos-js.201f66987439ce47916c.css","component---src-pages-contributedrepos-js-05fa4770cab4f55aebf2.js"],"component---src-pages-githubrepos-js":["0.0188350bd0beb3115f4b.css","0-519a790e05df737a11b7.js","1-1b5b56f450f03e92f1e2.js","component---src-pages-githubrepos-js.201f66987439ce47916c.css","component---src-pages-githubrepos-js-76dd09925bb3e5032b1d.js"],"component---src-pages-index-js":["0.0188350bd0beb3115f4b.css","0-519a790e05df737a11b7.js","component---src-pages-index-js.201f66987439ce47916c.css","component---src-pages-index-js-a70e942e0550e47b96cf.js"],"component---src-pages-page-2-js":["0.0188350bd0beb3115f4b.css","0-519a790e05df737a11b7.js","component---src-pages-page-2-js.201f66987439ce47916c.css","component---src-pages-page-2-js-6a66f30926693ba10f6d.js"],"component---src-pages-project-preview-js":["component---src-pages-project-preview-js-9f24b840e6a3e1dd6ec0.js"],"component---src-pages-projects-js":["0.0188350bd0beb3115f4b.css","0-519a790e05df737a11b7.js","component---src-pages-projects-js.201f66987439ce47916c.css","component---src-pages-projects-js-64ccf32d3a7f4612b17b.js"]}}