{"errors":[],"warnings":[],"namedChunkGroups":{"app":{"chunks":[2,14],"assets":["webpack-runtime-4f39cc5ef7649c7e6981.js","webpack-runtime-4f39cc5ef7649c7e6981.js.map","app-9d0f8ff9221d47823916.js","app-9d0f8ff9221d47823916.js.map"],"children":{},"childAssets":{}},"component---src-templates-blog-post-js":{"chunks":[0,13],"assets":["0.0188350bd0beb3115f4b.css","0-519a790e05df737a11b7.js","0.0188350bd0beb3115f4b.css.map","0-519a790e05df737a11b7.js.map","component---src-templates-blog-post-js.201f66987439ce47916c.css","component---src-templates-blog-post-js-a08b8c35779d133f591c.js","component---src-templates-blog-post-js.201f66987439ce47916c.css.map","component---src-templates-blog-post-js-a08b8c35779d133f591c.js.map"],"children":{},"childAssets":{}},"component---src-pages-404-js":{"chunks":[0,12],"assets":["0.0188350bd0beb3115f4b.css","0-519a790e05df737a11b7.js","0.0188350bd0beb3115f4b.css.map","0-519a790e05df737a11b7.js.map","component---src-pages-404-js.201f66987439ce47916c.css","component---src-pages-404-js-b78d785bf6ca02edbde3.js","component---src-pages-404-js.201f66987439ce47916c.css.map","component---src-pages-404-js-b78d785bf6ca02edbde3.js.map"],"children":{},"childAssets":{}},"component---src-pages-all-files-js":{"chunks":[0,11],"assets":["0.0188350bd0beb3115f4b.css","0-519a790e05df737a11b7.js","0.0188350bd0beb3115f4b.css.map","0-519a790e05df737a11b7.js.map","component---src-pages-all-files-js.201f66987439ce47916c.css","component---src-pages-all-files-js-d0f511194efb277f47bc.js","component---src-pages-all-files-js.201f66987439ce47916c.css.map","component---src-pages-all-files-js-d0f511194efb277f47bc.js.map"],"children":{},"childAssets":{}},"component---src-pages-blog-js":{"chunks":[0,10],"assets":["0.0188350bd0beb3115f4b.css","0-519a790e05df737a11b7.js","0.0188350bd0beb3115f4b.css.map","0-519a790e05df737a11b7.js.map","component---src-pages-blog-js.201f66987439ce47916c.css","component---src-pages-blog-js-b2909c05c92425e3e0b4.js","component---src-pages-blog-js.201f66987439ce47916c.css.map","component---src-pages-blog-js-b2909c05c92425e3e0b4.js.map"],"children":{},"childAssets":{}},"component---src-pages-contributedrepos-js":{"chunks":[0,1,9],"assets":["0.0188350bd0beb3115f4b.css","0-519a790e05df737a11b7.js","0.0188350bd0beb3115f4b.css.map","0-519a790e05df737a11b7.js.map","1-1b5b56f450f03e92f1e2.js","1-1b5b56f450f03e92f1e2.js.map","component---src-pages-contributedrepos-js.201f66987439ce47916c.css","component---src-pages-contributedrepos-js-bd526ce5489d0bc74cfc.js","component---src-pages-contributedrepos-js.201f66987439ce47916c.css.map","component---src-pages-contributedrepos-js-bd526ce5489d0bc74cfc.js.map"],"children":{},"childAssets":{}},"component---src-pages-githubrepos-js":{"chunks":[0,1,8],"assets":["0.0188350bd0beb3115f4b.css","0-519a790e05df737a11b7.js","0.0188350bd0beb3115f4b.css.map","0-519a790e05df737a11b7.js.map","1-1b5b56f450f03e92f1e2.js","1-1b5b56f450f03e92f1e2.js.map","component---src-pages-githubrepos-js.201f66987439ce47916c.css","component---src-pages-githubrepos-js-383d56f782ac3fc2b299.js","component---src-pages-githubrepos-js.201f66987439ce47916c.css.map","component---src-pages-githubrepos-js-383d56f782ac3fc2b299.js.map"],"children":{},"childAssets":{}},"component---src-pages-index-js":{"chunks":[0,7],"assets":["0.0188350bd0beb3115f4b.css","0-519a790e05df737a11b7.js","0.0188350bd0beb3115f4b.css.map","0-519a790e05df737a11b7.js.map","component---src-pages-index-js.201f66987439ce47916c.css","component---src-pages-index-js-0161e2ee05523839d8b5.js","component---src-pages-index-js.201f66987439ce47916c.css.map","component---src-pages-index-js-0161e2ee05523839d8b5.js.map"],"children":{},"childAssets":{}},"component---src-pages-page-2-js":{"chunks":[0,6],"assets":["0.0188350bd0beb3115f4b.css","0-519a790e05df737a11b7.js","0.0188350bd0beb3115f4b.css.map","0-519a790e05df737a11b7.js.map","component---src-pages-page-2-js.201f66987439ce47916c.css","component---src-pages-page-2-js-3b3125ce069a383076c9.js","component---src-pages-page-2-js.201f66987439ce47916c.css.map","component---src-pages-page-2-js-3b3125ce069a383076c9.js.map"],"children":{},"childAssets":{}},"component---src-pages-project-preview-js":{"chunks":[5],"assets":["component---src-pages-project-preview-js-9f24b840e6a3e1dd6ec0.js","component---src-pages-project-preview-js-9f24b840e6a3e1dd6ec0.js.map"],"children":{},"childAssets":{}},"component---src-pages-projects-js":{"chunks":[0,4],"assets":["0.0188350bd0beb3115f4b.css","0-519a790e05df737a11b7.js","0.0188350bd0beb3115f4b.css.map","0-519a790e05df737a11b7.js.map","component---src-pages-projects-js.201f66987439ce47916c.css","component---src-pages-projects-js-c48f4d684d569b2ba1b9.js","component---src-pages-projects-js.201f66987439ce47916c.css.map","component---src-pages-projects-js-c48f4d684d569b2ba1b9.js.map"],"children":{},"childAssets":{}}},"assetsByChunkName":{"app":["webpack-runtime-4f39cc5ef7649c7e6981.js","app-9d0f8ff9221d47823916.js"],"component---src-templates-blog-post-js":["0.0188350bd0beb3115f4b.css","0-519a790e05df737a11b7.js","component---src-templates-blog-post-js.201f66987439ce47916c.css","component---src-templates-blog-post-js-a08b8c35779d133f591c.js"],"component---src-pages-404-js":["0.0188350bd0beb3115f4b.css","0-519a790e05df737a11b7.js","component---src-pages-404-js.201f66987439ce47916c.css","component---src-pages-404-js-b78d785bf6ca02edbde3.js"],"component---src-pages-all-files-js":["0.0188350bd0beb3115f4b.css","0-519a790e05df737a11b7.js","component---src-pages-all-files-js.201f66987439ce47916c.css","component---src-pages-all-files-js-d0f511194efb277f47bc.js"],"component---src-pages-blog-js":["0.0188350bd0beb3115f4b.css","0-519a790e05df737a11b7.js","component---src-pages-blog-js.201f66987439ce47916c.css","component---src-pages-blog-js-b2909c05c92425e3e0b4.js"],"component---src-pages-contributedrepos-js":["0.0188350bd0beb3115f4b.css","0-519a790e05df737a11b7.js","1-1b5b56f450f03e92f1e2.js","component---src-pages-contributedrepos-js.201f66987439ce47916c.css","component---src-pages-contributedrepos-js-bd526ce5489d0bc74cfc.js"],"component---src-pages-githubrepos-js":["0.0188350bd0beb3115f4b.css","0-519a790e05df737a11b7.js","1-1b5b56f450f03e92f1e2.js","component---src-pages-githubrepos-js.201f66987439ce47916c.css","component---src-pages-githubrepos-js-383d56f782ac3fc2b299.js"],"component---src-pages-index-js":["0.0188350bd0beb3115f4b.css","0-519a790e05df737a11b7.js","component---src-pages-index-js.201f66987439ce47916c.css","component---src-pages-index-js-0161e2ee05523839d8b5.js"],"component---src-pages-page-2-js":["0.0188350bd0beb3115f4b.css","0-519a790e05df737a11b7.js","component---src-pages-page-2-js.201f66987439ce47916c.css","component---src-pages-page-2-js-3b3125ce069a383076c9.js"],"component---src-pages-project-preview-js":["component---src-pages-project-preview-js-9f24b840e6a3e1dd6ec0.js"],"component---src-pages-projects-js":["0.0188350bd0beb3115f4b.css","0-519a790e05df737a11b7.js","component---src-pages-projects-js.201f66987439ce47916c.css","component---src-pages-projects-js-c48f4d684d569b2ba1b9.js"]}}